Product,Barcode,Mfg Date,Expiry Date,Batch No,SKU code,Quantity,Unit Price (₦),Selling Price (₦),Monthly Sales (₦),Reorder Level,stock Status
Axe Body Spray,6151023456925,2026-03-26,2026-09-22,AXE-0326-28,,,,,,,
Axe Body Spray,6151023456925,2026-02-24,2026-08-23,AXE-0226-74,,,,,,,
Axe Body Spray,6151023456925,2026-01-03,2028-01-03,AXE-0126-82,,,,,,,
Axe Body Spray,6151023456925,2026-01-25,2027-01-25,AXE-0126-71,,,,,,,
Axe Body Spray,6151023456925,2026-02-09,2028-02-09,AXE-0226-80,,,,,,,
Axe Body Spray,6151023456925,2026-01-20,2028-01-20,AXE-0126-24,,,,,,,
Axe Body Spray,6151023456925,2026-03-04,2026-08-31,AXE-0326-40,,,,,,,
Axe Body Spray,6151023456925,2026-02-17,2028-02-17,AXE-0226-10,,,,,,,
Axe Body Spray,6151023456925,2026-01-09,2028-01-09,AXE-0126-88,,,,,,,
Axe Body Spray,6151023456925,2026-03-05,2027-03-05,AXE-0326-41,,,,,,,
Axe Body Spray,6151023456925,2026-02-14,2027-02-14,AXE-0226-40,,,,,,,
Axe Body Spray,6151023456925,2026-02-17,2027-02-17,AXE-0226-01,,,,,,,
Axe Body Spray,6151023456925,2026-02-03,2026-08-02,AXE-0226-55,,,,,,,
Axe Body Spray,6151023456925,2026-02-17,2028-02-17,AXE-0226-29,,,,,,,
Axe Body Spray,6151023456925,2026-01-03,2026-07-02,AXE-0126-31,,,,,,,
Axe Body Spray,6151023456925,2026-03-18,2027-03-18,AXE-0326-72,,,,,,,
Axe Body Spray,6151023456925,2026-01-21,2028-01-21,AXE-0126-27,,,,,,,
Axe Body Spray,6151023456925,2026-01-12,2027-01-12,AXE-0126-26,,,,,,,
Axe Body Spray,6151023456925,2026-01-11,2028-01-11,AXE-0126-17,,,,,,,
Axe Body Spray,6151023456925,2026-02-05,2028-02-05,AXE-0226-81,,,,,,,
Axe Body Spray,6151023456925,2026-01-28,2026-07-27,AXE-0126-03,,,,,,,
Axe Body Spray,6151023456925,2026-01-15,2027-01-15,AXE-0126-40,,,,,,,
Axe Body Spray,6151023456925,2026-02-25,2028-02-25,AXE-0226-30,,,,,,,
Axe Body Spray,6151023456925,2026-01-24,2026-07-23,AXE-0126-50,,,,,,,
Axe Body Spray,6151023456925,2026-02-28,2028-02-28,AXE-0226-12,,,,,,,
Axe Body Spray,6151023456925,2026-01-20,2027-01-20,AXE-0126-36,,,,,,,
Axe Body Spray,6151023456925,2026-03-10,2028-03-09,AXE-0326-69,,,,,,,
Axe Body Spray,6151023456925,2026-02-21,2026-08-20,AXE-0226-70,,,,,,,
Axe Body Spray,6151023456925,2026-01-13,2026-07-12,AXE-0126-61,,,,,,,
Axe Body Spray,6151023456925,2026-02-14,2027-02-14,AXE-0226-15,,,,,,,
Axe Body Spray,6151023456925,2026-01-26,2026-07-25,AXE-0126-89,,,,,,,
Axe Body Spray,6151023456925,2026-01-27,2028-01-27,AXE-0126-13,,,,,,,
Axe Body Spray,6151023456925,2026-03-07,2028-03-06,AXE-0326-40,,,,,,,
Axe Body Spray,6151023456925,2026-03-14,2028-03-13,AXE-0326-14,,,,,,,
Axe Body Spray,6151023456925,2026-02-16,2026-08-15,AXE-0226-64,,,,,,,
Axe Body Spray,6151023456925,2026-03-13,2027-03-13,AXE-0326-38,,,,,,,
Axe Body Spray,6151023456925,2026-01-07,2026-07-06,AXE-0126-20,,,,,,,
Axe Body Spray,6151023456925,2026-01-10,2027-01-10,AXE-0126-55,,,,,,,
Axe Body Spray,6151023456925,2026-03-07,2026-09-03,AXE-0326-34,,,,,,,
Axe Body Spray,6151023456925,2026-02-20,2026-08-19,AXE-0226-61,,,,,,,
Axe Body Spray,6151023456925,2026-03-21,2026-09-17,AXE-0326-67,,,,,,,
Axe Body Spray,6151023456925,2026-03-18,2027-03-18,AXE-0326-30,,,,,,,
Axe Body Spray,6151023456925,2026-03-09,2026-09-05,AXE-0326-48,,,,,,,
Axe Body Spray,6151023456925,2026-01-25,2028-01-25,AXE-0126-82,,,,,,,
Axe Body Spray,6151023456925,2026-02-09,2026-08-08,AXE-0226-39,,,,,,,
Axe Body Spray,6151023456925,2026-03-17,2028-03-16,AXE-0326-16,,,,,,,
Axe Body Spray,6151023456925,2026-01-14,2026-07-13,AXE-0126-39,,,,,,,
Axe Body Spray,6151023456925,2026-02-20,2027-02-20,AXE-0226-27,,,,,,,
Axe Body Spray,6151023456925,2026-01-03,2027-01-03,AXE-0126-52,,,,,,,
Axe Body Spray,6151023456925,2026-02-07,2026-08-06,AXE-0226-81,,,,,,,
Blue Band Margarine,6151023456789,2026-03-27,2028-03-26,BBM-0326-14,,,,,,,
Blue Band Margarine,6151023456789,2026-01-06,2028-01-06,BBM-0126-21,,,,,,,
Blue Band Margarine,6151023456789,2026-01-22,2027-01-22,BBM-0126-16,,,,,,,
Blue Band Margarine,6151023456789,2026-03-17,2028-03-16,BBM-0326-68,,,,,,,
Blue Band Margarine,6151023456789,2026-01-21,2027-01-21,BBM-0126-09,,,,,,,
Blue Band Margarine,6151023456789,2026-02-11,2026-08-10,BBM-0226-55,,,,,,,
Blue Band Margarine,6151023456789,2026-01-01,2026-06-30,BBM-0126-40,,,,,,,
Blue Band Margarine,6151023456789,2026-02-17,2028-02-17,BBM-0226-48,,,,,,,
Blue Band Margarine,6151023456789,2026-01-26,2026-07-25,BBM-0126-62,,,,,,,
Blue Band Margarine,6151023456789,2026-01-26,2028-01-26,BBM-0126-90,,,,,,,
Blue Band Margarine,6151023456789,2026-03-25,2027-03-25,BBM-0326-53,,,,,,,
Blue Band Margarine,6151023456789,2026-03-25,2026-09-21,BBM-0326-61,,,,,,,
Blue Band Margarine,6151023456789,2026-01-04,2028-01-04,BBM-0126-79,,,,,,,
Blue Band Margarine,6151023456789,2026-02-05,2027-02-05,BBM-0226-19,,,,,,,
Blue Band Margarine,6151023456789,2026-01-10,2027-01-10,BBM-0126-66,,,,,,,
Blue Band Margarine,6151023456789,2026-01-15,2028-01-15,BBM-0126-17,,,,,,,
Blue Band Margarine,6151023456789,2026-03-18,2026-09-14,BBM-0326-80,,,,,,,
Blue Band Margarine,6151023456789,2026-02-20,2028-02-20,BBM-0226-04,,,,,,,
Blue Band Margarine,6151023456789,2026-03-27,2026-09-23,BBM-0326-40,,,,,,,
Blue Band Margarine,6151023456789,2026-01-10,2026-07-09,BBM-0126-33,,,,,,,
Blue Band Margarine,6151023456789,2026-03-14,2027-03-14,BBM-0326-16,,,,,,,
Blue Band Margarine,6151023456789,2026-02-07,2026-08-06,BBM-0226-91,,,,,,,
Blue Band Margarine,6151023456789,2026-03-03,2028-03-02,BBM-0326-34,,,,,,,
Blue Band Margarine,6151023456789,2026-03-15,2028-03-14,BBM-0326-84,,,,,,,
Blue Band Margarine,6151023456789,2026-01-21,2028-01-21,BBM-0126-77,,,,,,,
Blue Band Margarine,6151023456789,2026-03-02,2027-03-02,BBM-0326-51,,,,,,,
Blue Band Margarine,6151023456789,2026-02-03,2026-08-02,BBM-0226-32,,,,,,,
Blue Band Margarine,6151023456789,2026-03-20,2026-09-16,BBM-0326-25,,,,,,,
Blue Band Margarine,6151023456789,2026-02-06,2028-02-06,BBM-0226-13,,,,,,,
Blue Band Margarine,6151023456789,2026-03-10,2027-03-10,BBM-0326-72,,,,,,,
Blue Band Margarine,6151023456789,2026-01-13,2028-01-13,BBM-0126-32,,,,,,,
Blue Band Margarine,6151023456789,2026-02-28,2027-02-28,BBM-0226-32,,,,,,,
Blue Band Margarine,6151023456789,2026-03-12,2026-09-08,BBM-0326-76,,,,,,,
Blue Band Margarine,6151023456789,2026-01-04,2027-01-04,BBM-0126-05,,,,,,,
Blue Band Margarine,6151023456789,2026-02-24,2026-08-23,BBM-0226-55,,,,,,,
Blue Band Margarine,6151023456789,2026-03-08,2027-03-08,BBM-0326-98,,,,,,,
Blue Band Margarine,6151023456789,2026-01-16,2028-01-16,BBM-0126-82,,,,,,,
Blue Band Margarine,6151023456789,2026-02-07,2027-02-07,BBM-0226-67,,,,,,,
Blue Band Margarine,6151023456789,2026-02-06,2027-02-06,BBM-0226-50,,,,,,,
Blue Band Margarine,6151023456789,2026-03-24,2027-03-24,BBM-0326-99,,,,,,,
Blue Band Margarine,6151023456789,2026-02-05,2027-02-05,BBM-0226-06,,,,,,,
Blue Band Margarine,6151023456789,2026-01-14,2028-01-14,BBM-0126-92,,,,,,,
Blue Band Margarine,6151023456789,2026-02-02,2028-02-02,BBM-0226-16,,,,,,,
Blue Band Margarine,6151023456789,2026-02-22,2027-02-22,BBM-0226-28,,,,,,,
Blue Band Margarine,6151023456789,2026-02-18,2027-02-18,BBM-0226-03,,,,,,,
Blue Band Margarine,6151023456789,2026-01-15,2027-01-15,BBM-0126-20,,,,,,,
Blue Band Margarine,6151023456789,2026-02-27,2026-08-26,BBM-0226-54,,,,,,,
Blue Band Margarine,6151023456789,2026-03-21,2028-03-20,BBM-0326-29,,,,,,,
Blue Band Margarine,6151023456789,2026-01-15,2027-01-15,BBM-0126-41,,,,,,,
Blue Band Margarine,6151023456789,2026-02-23,2027-02-23,BBM-0226-08,,,,,,,
Close-Up Toothpaste,6151023456857,2026-03-12,2027-03-12,CUT-0326-49,,,,,,,
Close-Up Toothpaste,6151023456857,2026-02-06,2026-08-05,CUT-0226-20,,,,,,,
Close-Up Toothpaste,6151023456857,2026-03-13,2028-03-12,CUT-0326-56,,,,,,,
Close-Up Toothpaste,6151023456857,2026-02-14,2026-08-13,CUT-0226-40,,,,,,,
Close-Up Toothpaste,6151023456857,2026-03-01,2027-03-01,CUT-0326-14,,,,,,,
Close-Up Toothpaste,6151023456857,2026-02-25,2028-02-25,CUT-0226-17,,,,,,,
Close-Up Toothpaste,6151023456857,2026-01-17,2026-07-16,CUT-0126-19,,,,,,,
Close-Up Toothpaste,6151023456857,2026-01-23,2027-01-23,CUT-0126-24,,,,,,,
Close-Up Toothpaste,6151023456857,2026-02-25,2026-08-24,CUT-0226-67,,,,,,,
Close-Up Toothpaste,6151023456857,2026-03-08,2028-03-07,CUT-0326-84,,,,,,,
Close-Up Toothpaste,6151023456857,2026-03-09,2026-09-05,CUT-0326-26,,,,,,,
Close-Up Toothpaste,6151023456857,2026-01-19,2027-01-19,CUT-0126-99,,,,,,,
Close-Up Toothpaste,6151023456857,2026-02-06,2026-08-05,CUT-0226-29,,,,,,,
Close-Up Toothpaste,6151023456857,2026-02-07,2027-02-07,CUT-0226-25,,,,,,,
Close-Up Toothpaste,6151023456857,2026-03-10,2028-03-09,CUT-0326-52,,,,,,,
Close-Up Toothpaste,6151023456857,2026-01-17,2028-01-17,CUT-0126-74,,,,,,,
Close-Up Toothpaste,6151023456857,2026-03-21,2026-09-17,CUT-0326-35,,,,,,,
Close-Up Toothpaste,6151023456857,2026-02-26,2028-02-26,CUT-0226-99,,,,,,,
Close-Up Toothpaste,6151023456857,2026-03-14,2028-03-13,CUT-0326-95,,,,,,,
Close-Up Toothpaste,6151023456857,2026-02-20,2026-08-19,CUT-0226-08,,,,,,,
Close-Up Toothpaste,6151023456857,2026-03-08,2028-03-07,CUT-0326-16,,,,,,,
Close-Up Toothpaste,6151023456857,2026-03-02,2028-03-01,CUT-0326-63,,,,,,,
Close-Up Toothpaste,6151023456857,2026-03-04,2028-03-03,CUT-0326-73,,,,,,,
Close-Up Toothpaste,6151023456857,2026-03-09,2028-03-08,CUT-0326-03,,,,,,,
Close-Up Toothpaste,6151023456857,2026-03-22,2027-03-22,CUT-0326-65,,,,,,,
Close-Up Toothpaste,6151023456857,2026-01-08,2026-07-07,CUT-0126-56,,,,,,,
Close-Up Toothpaste,6151023456857,2026-01-13,2026-07-12,CUT-0126-75,,,,,,,
Close-Up Toothpaste,6151023456857,2026-02-27,2027-02-27,CUT-0226-55,,,,,,,
Close-Up Toothpaste,6151023456857,2026-03-26,2027-03-26,CUT-0326-38,,,,,,,
Close-Up Toothpaste,6151023456857,2026-03-06,2026-09-02,CUT-0326-56,,,,,,,
Close-Up Toothpaste,6151023456857,2026-03-11,2027-03-11,CUT-0326-82,,,,,,,
Close-Up Toothpaste,6151023456857,2026-01-10,2027-01-10,CUT-0126-15,,,,,,,
Close-Up Toothpaste,6151023456857,2026-02-23,2026-08-22,CUT-0226-09,,,,,,,
Close-Up Toothpaste,6151023456857,2026-02-07,2026-08-06,CUT-0226-28,,,,,,,
Close-Up Toothpaste,6151023456857,2026-02-02,2026-08-01,CUT-0226-79,,,,,,,
Close-Up Toothpaste,6151023456857,2026-03-19,2027-03-19,CUT-0326-27,,,,,,,
Close-Up Toothpaste,6151023456857,2026-01-15,2027-01-15,CUT-0126-67,,,,,,,
Close-Up Toothpaste,6151023456857,2026-02-23,2027-02-23,CUT-0226-30,,,,,,,
Close-Up Toothpaste,6151023456857,2026-02-17,2026-08-16,CUT-0226-24,,,,,,,
Close-Up Toothpaste,6151023456857,2026-01-18,2027-01-18,CUT-0126-14,,,,,,,
Close-Up Toothpaste,6151023456857,2026-03-23,2028-03-22,CUT-0326-97,,,,,,,
Close-Up Toothpaste,6151023456857,2026-02-06,2028-02-06,CUT-0226-90,,,,,,,
Close-Up Toothpaste,6151023456857,2026-01-24,2026-07-23,CUT-0126-01,,,,,,,
Close-Up Toothpaste,6151023456857,2026-02-19,2028-02-19,CUT-0226-40,,,,,,,
Close-Up Toothpaste,6151023456857,2026-02-28,2026-08-27,CUT-0226-09,,,,,,,
Close-Up Toothpaste,6151023456857,2026-02-15,2026-08-14,CUT-0226-16,,,,,,,
Close-Up Toothpaste,6151023456857,2026-03-03,2026-08-30,CUT-0326-63,,,,,,,
Close-Up Toothpaste,6151023456857,2026-01-06,2028-01-06,CUT-0126-18,,,,,,,
Close-Up Toothpaste,6151023456857,2026-02-08,2026-08-07,CUT-0226-05,,,,,,,
Close-Up Toothpaste,6151023456857,2026-01-27,2027-01-27,CUT-0126-56,,,,,,,
Knorr Bouillon Cubes,6151023456819,2026-02-11,2028-02-11,KBC-0226-30,,,,,,,
Knorr Bouillon Cubes,6151023456819,2026-01-19,2028-01-19,KBC-0126-22,,,,,,,
Knorr Bouillon Cubes,6151023456819,2026-01-05,2027-01-05,KBC-0126-62,,,,,,,
Knorr Bouillon Cubes,6151023456819,2026-03-15,2026-09-11,KBC-0326-03,,,,,,,
Knorr Bouillon Cubes,6151023456819,2026-01-12,2026-07-11,KBC-0126-20,,,,,,,
Knorr Bouillon Cubes,6151023456819,2026-01-03,2026-07-02,KBC-0126-38,,,,,,,
Knorr Bouillon Cubes,6151023456819,2026-03-27,2028-03-26,KBC-0326-25,,,,,,,
Knorr Bouillon Cubes,6151023456819,2026-03-24,2028-03-23,KBC-0326-07,,,,,,,
Knorr Bouillon Cubes,6151023456819,2026-01-07,2028-01-07,KBC-0126-21,,,,,,,
Knorr Bouillon Cubes,6151023456819,2026-03-22,2026-09-18,KBC-0326-87,,,,,,,
Knorr Bouillon Cubes,6151023456819,2026-02-10,2028-02-10,KBC-0226-05,,,,,,,
Knorr Bouillon Cubes,6151023456819,2026-01-04,2026-07-03,KBC-0126-06,,,,,,,
Knorr Bouillon Cubes,6151023456819,2026-02-06,2027-02-06,KBC-0226-06,,,,,,,
Knorr Bouillon Cubes,6151023456819,2026-01-08,2026-07-07,KBC-0126-01,,,,,,,
Knorr Bouillon Cubes,6151023456819,2026-03-02,2028-03-01,KBC-0326-73,,,,,,,
Knorr Bouillon Cubes,6151023456819,2026-01-24,2026-07-23,KBC-0126-59,,,,,,,
Knorr Bouillon Cubes,6151023456819,2026-03-25,2026-09-21,KBC-0326-52,,,,,,,
Knorr Bouillon Cubes,6151023456819,2026-01-13,2028-01-13,KBC-0126-64,,,,,,,
Knorr Bouillon Cubes,6151023456819,2026-03-11,2028-03-10,KBC-0326-01,,,,,,,
Knorr Bouillon Cubes,6151023456819,2026-03-06,2026-09-02,KBC-0326-29,,,,,,,
Knorr Bouillon Cubes,6151023456819,2026-02-28,2027-02-28,KBC-0226-56,,,,,,,
Knorr Bouillon Cubes,6151023456819,2026-03-27,2028-03-26,KBC-0326-39,,,,,,,
Knorr Bouillon Cubes,6151023456819,2026-01-12,2027-01-12,KBC-0126-69,,,,,,,
Knorr Bouillon Cubes,6151023456819,2026-02-05,2027-02-05,KBC-0226-10,,,,,,,
Knorr Bouillon Cubes,6151023456819,2026-01-01,2027-01-01,KBC-0126-74,,,,,,,
Knorr Bouillon Cubes,6151023456819,2026-03-27,2027-03-27,KBC-0326-41,,,,,,,
Knorr Bouillon Cubes,6151023456819,2026-03-09,2026-09-05,KBC-0326-92,,,,,,,
Knorr Bouillon Cubes,6151023456819,2026-01-15,2026-07-14,KBC-0126-72,,,,,,,
Knorr Bouillon Cubes,6151023456819,2026-02-09,2026-08-08,KBC-0226-72,,,,,,,
Knorr Bouillon Cubes,6151023456819,2026-01-24,2028-01-24,KBC-0126-79,,,,,,,
Knorr Bouillon Cubes,6151023456819,2026-01-07,2027-01-07,KBC-0126-10,,,,,,,
Knorr Bouillon Cubes,6151023456819,2026-03-04,2026-08-31,KBC-0326-71,,,,,,,
Knorr Bouillon Cubes,6151023456819,2026-03-09,2026-09-05,KBC-0326-22,,,,,,,
Knorr Bouillon Cubes,6151023456819,2026-01-08,2026-07-07,KBC-0126-57,,,,,,,
Knorr Bouillon Cubes,6151023456819,2026-01-09,2027-01-09,KBC-0126-76,,,,,,,
Knorr Bouillon Cubes,6151023456819,2026-03-18,2026-09-14,KBC-0326-16,,,,,,,
Knorr Bouillon Cubes,6151023456819,2026-03-09,2026-09-05,KBC-0326-53,,,,,,,
Knorr Bouillon Cubes,6151023456819,2026-03-24,2027-03-24,KBC-0326-53,,,,,,,
Knorr Bouillon Cubes,6151023456819,2026-01-26,2026-07-25,KBC-0126-32,,,,,,,
Knorr Bouillon Cubes,6151023456819,2026-01-11,2026-07-10,KBC-0126-39,,,,,,,
Knorr Bouillon Cubes,6151023456819,2026-03-27,2028-03-26,KBC-0326-92,,,,,,,
Knorr Bouillon Cubes,6151023456819,2026-02-15,2027-02-15,KBC-0226-85,,,,,,,
Knorr Bouillon Cubes,6151023456819,2026-01-02,2027-01-02,KBC-0126-77,,,,,,,
Knorr Bouillon Cubes,6151023456819,2026-02-11,2028-02-11,KBC-0226-67,,,,,,,
Knorr Bouillon Cubes,6151023456819,2026-01-12,2026-07-11,KBC-0126-54,,,,,,,
Knorr Bouillon Cubes,6151023456819,2026-02-09,2026-08-08,KBC-0226-15,,,,,,,
Knorr Bouillon Cubes,6151023456819,2026-02-26,2028-02-26,KBC-0226-05,,,,,,,
Knorr Bouillon Cubes,6151023456819,2026-02-21,2027-02-21,KBC-0226-11,,,,,,,
Knorr Bouillon Cubes,6151023456819,2026-01-01,2028-01-01,KBC-0126-39,,,,,,,
Knorr Bouillon Cubes,6151023456819,2026-03-19,2028-03-18,KBC-0326-14,,,,,,,
Lifebuoy Soap,6151023456888,2026-02-08,2026-08-07,LFS-0226-17,,,,,,,
Lifebuoy Soap,6151023456888,2026-03-11,2026-09-07,LFS-0326-97,,,,,,,
Lifebuoy Soap,6151023456888,2026-02-05,2028-02-05,LFS-0226-03,,,,,,,
Lifebuoy Soap,6151023456888,2026-03-23,2028-03-22,LFS-0326-44,,,,,,,
Lifebuoy Soap,6151023456888,2026-03-03,2028-03-02,LFS-0326-71,,,,,,,
Lifebuoy Soap,6151023456888,2026-01-15,2026-07-14,LFS-0126-10,,,,,,,
Lifebuoy Soap,6151023456888,2026-01-08,2028-01-08,LFS-0126-25,,,,,,,
Lifebuoy Soap,6151023456888,2026-03-10,2028-03-09,LFS-0326-94,,,,,,,
Lifebuoy Soap,6151023456888,2026-01-06,2026-07-05,LFS-0126-66,,,,,,,
Lifebuoy Soap,6151023456888,2026-01-02,2027-01-02,LFS-0126-45,,,,,,,
Lifebuoy Soap,6151023456888,2026-01-10,2027-01-10,LFS-0126-69,,,,,,,
Lifebuoy Soap,6151023456888,2026-01-22,2026-07-21,LFS-0126-70,,,,,,,
Lifebuoy Soap,6151023456888,2026-03-15,2027-03-15,LFS-0326-13,,,,,,,
Lifebuoy Soap,6151023456888,2026-02-20,2028-02-20,LFS-0226-09,,,,,,,
Lifebuoy Soap,6151023456888,2026-02-27,2028-02-27,LFS-0226-34,,,,,,,
Lifebuoy Soap,6151023456888,2026-01-17,2028-01-17,LFS-0126-56,,,,,,,
Lifebuoy Soap,6151023456888,2026-02-20,2026-08-19,LFS-0226-36,,,,,,,
Lifebuoy Soap,6151023456888,2026-03-12,2027-03-12,LFS-0326-19,,,,,,,
Lifebuoy Soap,6151023456888,2026-02-17,2027-02-17,LFS-0226-42,,,,,,,
Lifebuoy Soap,6151023456888,2026-02-26,2028-02-26,LFS-0226-41,,,,,,,
Lifebuoy Soap,6151023456888,2026-03-23,2027-03-23,LFS-0326-47,,,,,,,
Lifebuoy Soap,6151023456888,2026-03-04,2026-08-31,LFS-0326-89,,,,,,,
Lifebuoy Soap,6151023456888,2026-02-15,2026-08-14,LFS-0226-40,,,,,,,
Lifebuoy Soap,6151023456888,2026-01-03,2026-07-02,LFS-0126-40,,,,,,,
Lifebuoy Soap,6151023456888,2026-02-20,2026-08-19,LFS-0226-86,,,,,,,
Lifebuoy Soap,6151023456888,2026-03-05,2028-03-04,LFS-0326-95,,,,,,,
Lifebuoy Soap,6151023456888,2026-02-01,2026-07-31,LFS-0226-26,,,,,,,
Lifebuoy Soap,6151023456888,2026-03-13,2027-03-13,LFS-0326-42,,,,,,,
Lifebuoy Soap,6151023456888,2026-02-03,2026-08-02,LFS-0226-91,,,,,,,
Lifebuoy Soap,6151023456888,2026-01-15,2027-01-15,LFS-0126-43,,,,,,,
Lifebuoy Soap,6151023456888,2026-02-09,2028-02-09,LFS-0226-73,,,,,,,
Lifebuoy Soap,6151023456888,2026-01-13,2027-01-13,LFS-0126-84,,,,,,,
Lifebuoy Soap,6151023456888,2026-02-11,2027-02-11,LFS-0226-48,,,,,,,
Lifebuoy Soap,6151023456888,2026-02-22,2027-02-22,LFS-0226-71,,,,,,,
Lifebuoy Soap,6151023456888,2026-03-18,2028-03-17,LFS-0326-34,,,,,,,
Lifebuoy Soap,6151023456888,2026-03-14,2028-03-13,LFS-0326-42,,,,,,,
Lifebuoy Soap,6151023456888,2026-01-04,2026-07-03,LFS-0126-53,,,,,,,
Lifebuoy Soap,6151023456888,2026-02-21,2027-02-21,LFS-0226-65,,,,,,,
Lifebuoy Soap,6151023456888,2026-02-24,2027-02-24,LFS-0226-68,,,,,,,
Lifebuoy Soap,6151023456888,2026-01-17,2026-07-16,LFS-0126-74,,,,,,,
Lifebuoy Soap,6151023456888,2026-02-20,2028-02-20,LFS-0226-47,,,,,,,
Lifebuoy Soap,6151023456888,2026-02-10,2027-02-10,LFS-0226-62,,,,,,,
Lifebuoy Soap,6151023456888,2026-01-17,2028-01-17,LFS-0126-73,,,,,,,
Lifebuoy Soap,6151023456888,2026-01-02,2027-01-02,LFS-0126-31,,,,,,,
Lifebuoy Soap,6151023456888,2026-01-18,2026-07-17,LFS-0126-42,,,,,,,
Lifebuoy Soap,6151023456888,2026-03-09,2026-09-05,LFS-0326-01,,,,,,,
Lifebuoy Soap,6151023456888,2026-03-14,2026-09-10,LFS-0326-91,,,,,,,
Lifebuoy Soap,6151023456888,2026-03-26,2028-03-25,LFS-0326-30,,,,,,,
Lifebuoy Soap,6151023456888,2026-03-21,2026-09-17,LFS-0326-78,,,,,,,
Lifebuoy Soap,6151023456888,2026-02-28,2028-02-28,LFS-0226-31,,,,,,,
Lipton Yellow Label Tea,6151023456796,2026-03-05,2026-09-01,LYT-0326-01,,,,,,,
Lipton Yellow Label Tea,6151023456796,2026-03-09,2026-09-05,LYT-0326-20,,,,,,,
Lipton Yellow Label Tea,6151023456796,2026-03-26,2028-03-25,LYT-0326-65,,,,,,,
Lipton Yellow Label Tea,6151023456796,2026-03-05,2028-03-04,LYT-0326-08,,,,,,,
Lipton Yellow Label Tea,6151023456796,2026-03-15,2026-09-11,LYT-0326-26,,,,,,,
Lipton Yellow Label Tea,6151023456796,2026-01-01,2028-01-01,LYT-0126-70,,,,,,,
Lipton Yellow Label Tea,6151023456796,2026-02-02,2027-02-02,LYT-0226-72,,,,,,,
Lipton Yellow Label Tea,6151023456796,2026-02-24,2028-02-24,LYT-0226-44,,,,,,,
Lipton Yellow Label Tea,6151023456796,2026-03-06,2027-03-06,LYT-0326-02,,,,,,,
Lipton Yellow Label Tea,6151023456796,2026-01-05,2027-01-05,LYT-0126-17,,,,,,,
Lipton Yellow Label Tea,6151023456796,2026-02-13,2026-08-12,LYT-0226-07,,,,,,,
Lipton Yellow Label Tea,6151023456796,2026-01-14,2027-01-14,LYT-0126-12,,,,,,,
Lipton Yellow Label Tea,6151023456796,2026-02-02,2028-02-02,LYT-0226-65,,,,,,,
Lipton Yellow Label Tea,6151023456796,2026-02-13,2026-08-12,LYT-0226-03,,,,,,,
Lipton Yellow Label Tea,6151023456796,2026-01-17,2027-01-17,LYT-0126-85,,,,,,,
Lipton Yellow Label Tea,6151023456796,2026-02-02,2026-08-01,LYT-0226-47,,,,,,,
Lipton Yellow Label Tea,6151023456796,2026-03-15,2027-03-15,LYT-0326-74,,,,,,,
Lipton Yellow Label Tea,6151023456796,2026-02-06,2026-08-05,LYT-0226-04,,,,,,,
Lipton Yellow Label Tea,6151023456796,2026-01-23,2028-01-23,LYT-0126-71,,,,,,,
Lipton Yellow Label Tea,6151023456796,2026-01-14,2026-07-13,LYT-0126-67,,,,,,,
Lipton Yellow Label Tea,6151023456796,2026-02-03,2026-08-02,LYT-0226-90,,,,,,,
Lipton Yellow Label Tea,6151023456796,2026-02-23,2028-02-23,LYT-0226-24,,,,,,,
Lipton Yellow Label Tea,6151023456796,2026-01-24,2026-07-23,LYT-0126-30,,,,,,,
Lipton Yellow Label Tea,6151023456796,2026-03-05,2027-03-05,LYT-0326-71,,,,,,,
Lipton Yellow Label Tea,6151023456796,2026-01-26,2027-01-26,LYT-0126-79,,,,,,,
Lipton Yellow Label Tea,6151023456796,2026-01-03,2026-07-02,LYT-0126-40,,,,,,,
Lipton Yellow Label Tea,6151023456796,2026-02-26,2028-02-26,LYT-0226-88,,,,,,,
Lipton Yellow Label Tea,6151023456796,2026-03-14,2026-09-10,LYT-0326-46,,,,,,,
Lipton Yellow Label Tea,6151023456796,2026-02-02,2027-02-02,LYT-0226-05,,,,,,,
Lipton Yellow Label Tea,6151023456796,2026-03-12,2027-03-12,LYT-0326-41,,,,,,,
Lipton Yellow Label Tea,6151023456796,2026-03-06,2028-03-05,LYT-0326-35,,,,,,,
Lipton Yellow Label Tea,6151023456796,2026-02-14,2028-02-14,LYT-0226-39,,,,,,,
Lipton Yellow Label Tea,6151023456796,2026-03-21,2026-09-17,LYT-0326-42,,,,,,,
Lipton Yellow Label Tea,6151023456796,2026-03-27,2027-03-27,LYT-0326-63,,,,,,,
Lipton Yellow Label Tea,6151023456796,2026-02-24,2026-08-23,LYT-0226-57,,,,,,,
Lipton Yellow Label Tea,6151023456796,2026-03-22,2028-03-21,LYT-0326-57,,,,,,,
Lipton Yellow Label Tea,6151023456796,2026-01-17,2027-01-17,LYT-0126-86,,,,,,,
Lipton Yellow Label Tea,6151023456796,2026-02-04,2027-02-04,LYT-0226-81,,,,,,,
Lipton Yellow Label Tea,6151023456796,2026-02-03,2027-02-03,LYT-0226-85,,,,,,,
Lipton Yellow Label Tea,6151023456796,2026-02-22,2026-08-21,LYT-0226-88,,,,,,,
Lipton Yellow Label Tea,6151023456796,2026-03-06,2026-09-02,LYT-0326-61,,,,,,,
Lipton Yellow Label Tea,6151023456796,2026-01-13,2026-07-12,LYT-0126-68,,,,,,,
Lipton Yellow Label Tea,6151023456796,2026-03-27,2028-03-26,LYT-0326-61,,,,,,,
Lipton Yellow Label Tea,6151023456796,2026-01-20,2027-01-20,LYT-0126-67,,,,,,,
Lipton Yellow Label Tea,6151023456796,2026-03-24,2028-03-23,LYT-0326-42,,,,,,,
Lipton Yellow Label Tea,6151023456796,2026-02-13,2027-02-13,LYT-0226-17,,,,,,,
Lipton Yellow Label Tea,6151023456796,2026-01-11,2026-07-10,LYT-0126-45,,,,,,,
Lipton Yellow Label Tea,6151023456796,2026-03-02,2026-08-29,LYT-0326-17,,,,,,,
Lipton Yellow Label Tea,6151023456796,2026-02-16,2028-02-16,LYT-0226-70,,,,,,,
Lipton Yellow Label Tea,6151023456796,2026-02-27,2027-02-27,LYT-0226-42,,,,,,,
LUX Beauty Soap,6151023456871,2026-03-16,2028-03-15,LUX-0326-61,,,,,,,
LUX Beauty Soap,6151023456871,2026-02-03,2026-08-02,LUX-0226-36,,,,,,,
LUX Beauty Soap,6151023456871,2026-02-17,2026-08-16,LUX-0226-10,,,,,,,
LUX Beauty Soap,6151023456871,2026-02-10,2026-08-09,LUX-0226-29,,,,,,,
LUX Beauty Soap,6151023456871,2026-03-15,2026-09-11,LUX-0326-58,,,,,,,
LUX Beauty Soap,6151023456871,2026-01-06,2026-07-05,LUX-0126-43,,,,,,,
LUX Beauty Soap,6151023456871,2026-01-11,2028-01-11,LUX-0126-16,,,,,,,
LUX Beauty Soap,6151023456871,2026-03-15,2028-03-14,LUX-0326-76,,,,,,,
LUX Beauty Soap,6151023456871,2026-02-06,2026-08-05,LUX-0226-54,,,,,,,
LUX Beauty Soap,6151023456871,2026-02-02,2028-02-02,LUX-0226-70,,,,,,,
LUX Beauty Soap,6151023456871,2026-02-20,2028-02-20,LUX-0226-23,,,,,,,
LUX Beauty Soap,6151023456871,2026-02-14,2027-02-14,LUX-0226-90,,,,,,,
LUX Beauty Soap,6151023456871,2026-01-28,2028-01-28,LUX-0126-91,,,,,,,
LUX Beauty Soap,6151023456871,2026-02-14,2027-02-14,LUX-0226-24,,,,,,,
LUX Beauty Soap,6151023456871,2026-02-13,2026-08-12,LUX-0226-43,,,,,,,
LUX Beauty Soap,6151023456871,2026-03-09,2026-09-05,LUX-0326-22,,,,,,,
LUX Beauty Soap,6151023456871,2026-03-02,2027-03-02,LUX-0326-97,,,,,,,
LUX Beauty Soap,6151023456871,2026-03-07,2028-03-06,LUX-0326-32,,,,,,,
LUX Beauty Soap,6151023456871,2026-03-21,2027-03-21,LUX-0326-86,,,,,,,
LUX Beauty Soap,6151023456871,2026-02-28,2026-08-27,LUX-0226-21,,,,,,,
LUX Beauty Soap,6151023456871,2026-02-10,2028-02-10,LUX-0226-28,,,,,,,
LUX Beauty Soap,6151023456871,2026-03-22,2027-03-22,LUX-0326-13,,,,,,,
LUX Beauty Soap,6151023456871,2026-03-09,2026-09-05,LUX-0326-56,,,,,,,
LUX Beauty Soap,6151023456871,2026-02-05,2026-08-04,LUX-0226-83,,,,,,,
LUX Beauty Soap,6151023456871,2026-03-02,2028-03-01,LUX-0326-96,,,,,,,
LUX Beauty Soap,6151023456871,2026-02-28,2028-02-28,LUX-0226-08,,,,,,,
LUX Beauty Soap,6151023456871,2026-01-03,2027-01-03,LUX-0126-74,,,,,,,
LUX Beauty Soap,6151023456871,2026-03-04,2028-03-03,LUX-0326-12,,,,,,,
LUX Beauty Soap,6151023456871,2026-03-12,2026-09-08,LUX-0326-32,,,,,,,
LUX Beauty Soap,6151023456871,2026-02-17,2027-02-17,LUX-0226-72,,,,,,,
LUX Beauty Soap,6151023456871,2026-02-05,2027-02-05,LUX-0226-07,,,,,,,
LUX Beauty Soap,6151023456871,2026-03-11,2028-03-10,LUX-0326-75,,,,,,,
LUX Beauty Soap,6151023456871,2026-02-17,2026-08-16,LUX-0226-29,,,,,,,
LUX Beauty Soap,6151023456871,2026-01-04,2026-07-03,LUX-0126-90,,,,,,,
LUX Beauty Soap,6151023456871,2026-02-05,2026-08-04,LUX-0226-22,,,,,,,
LUX Beauty Soap,6151023456871,2026-02-24,2028-02-24,LUX-0226-92,,,,,,,
LUX Beauty Soap,6151023456871,2026-03-26,2028-03-25,LUX-0326-34,,,,,,,
LUX Beauty Soap,6151023456871,2026-02-12,2026-08-11,LUX-0226-78,,,,,,,
LUX Beauty Soap,6151023456871,2026-01-01,2028-01-01,LUX-0126-91,,,,,,,
LUX Beauty Soap,6151023456871,2026-02-17,2028-02-17,LUX-0226-76,,,,,,,
LUX Beauty Soap,6151023456871,2026-02-21,2028-02-21,LUX-0226-97,,,,,,,
LUX Beauty Soap,6151023456871,2026-03-20,2028-03-19,LUX-0326-62,,,,,,,
LUX Beauty Soap,6151023456871,2026-03-27,2028-03-26,LUX-0326-36,,,,,,,
LUX Beauty Soap,6151023456871,2026-01-17,2026-07-16,LUX-0126-08,,,,,,,
LUX Beauty Soap,6151023456871,2026-02-19,2026-08-18,LUX-0226-76,,,,,,,
LUX Beauty Soap,6151023456871,2026-03-13,2027-03-13,LUX-0326-68,,,,,,,
LUX Beauty Soap,6151023456871,2026-02-28,2026-08-27,LUX-0226-85,,,,,,,
LUX Beauty Soap,6151023456871,2026-01-23,2026-07-22,LUX-0126-37,,,,,,,
LUX Beauty Soap,6151023456871,2026-02-21,2027-02-21,LUX-0226-98,,,,,,,
LUX Beauty Soap,6151023456871,2026-01-21,2026-07-20,LUX-0126-62,,,,,,,
OMO Multi-Active Detergent,6151023456826,2026-02-19,2028-02-19,OMO-0226-90,,,,,,,
OMO Multi-Active Detergent,6151023456826,2026-02-08,2026-08-07,OMO-0226-33,,,,,,,
OMO Multi-Active Detergent,6151023456826,2026-02-13,2028-02-13,OMO-0226-34,,,,,,,
OMO Multi-Active Detergent,6151023456826,2026-02-07,2026-08-06,OMO-0226-97,,,,,,,
OMO Multi-Active Detergent,6151023456826,2026-03-17,2027-03-17,OMO-0326-56,,,,,,,
OMO Multi-Active Detergent,6151023456826,2026-01-06,2027-01-06,OMO-0126-69,,,,,,,
OMO Multi-Active Detergent,6151023456826,2026-02-19,2026-08-18,OMO-0226-90,,,,,,,
OMO Multi-Active Detergent,6151023456826,2026-01-28,2027-01-28,OMO-0126-68,,,,,,,
OMO Multi-Active Detergent,6151023456826,2026-02-02,2028-02-02,OMO-0226-70,,,,,,,
OMO Multi-Active Detergent,6151023456826,2026-02-04,2028-02-04,OMO-0226-56,,,,,,,
OMO Multi-Active Detergent,6151023456826,2026-01-08,2026-07-07,OMO-0126-37,,,,,,,
OMO Multi-Active Detergent,6151023456826,2026-01-27,2027-01-27,OMO-0126-34,,,,,,,
OMO Multi-Active Detergent,6151023456826,2026-03-13,2026-09-09,OMO-0326-03,,,,,,,
OMO Multi-Active Detergent,6151023456826,2026-01-07,2026-07-06,OMO-0126-52,,,,,,,
OMO Multi-Active Detergent,6151023456826,2026-03-10,2027-03-10,OMO-0326-26,,,,,,,
OMO Multi-Active Detergent,6151023456826,2026-03-01,2026-08-28,OMO-0326-20,,,,,,,
OMO Multi-Active Detergent,6151023456826,2026-03-03,2026-08-30,OMO-0326-65,,,,,,,
OMO Multi-Active Detergent,6151023456826,2026-01-26,2026-07-25,OMO-0126-33,,,,,,,
OMO Multi-Active Detergent,6151023456826,2026-02-09,2027-02-09,OMO-0226-63,,,,,,,
OMO Multi-Active Detergent,6151023456826,2026-01-04,2026-07-03,OMO-0126-76,,,,,,,
OMO Multi-Active Detergent,6151023456826,2026-01-28,2028-01-28,OMO-0126-99,,,,,,,
OMO Multi-Active Detergent,6151023456826,2026-03-08,2028-03-07,OMO-0326-28,,,,,,,
OMO Multi-Active Detergent,6151023456826,2026-01-12,2026-07-11,OMO-0126-23,,,,,,,
OMO Multi-Active Detergent,6151023456826,2026-03-14,2027-03-14,OMO-0326-50,,,,,,,
OMO Multi-Active Detergent,6151023456826,2026-01-19,2028-01-19,OMO-0126-60,,,,,,,
OMO Multi-Active Detergent,6151023456826,2026-03-19,2027-03-19,OMO-0326-83,,,,,,,
OMO Multi-Active Detergent,6151023456826,2026-03-04,2028-03-03,OMO-0326-06,,,,,,,
OMO Multi-Active Detergent,6151023456826,2026-03-28,2027-03-28,OMO-0326-20,,,,,,,
OMO Multi-Active Detergent,6151023456826,2026-02-24,2026-08-23,OMO-0226-85,,,,,,,
OMO Multi-Active Detergent,6151023456826,2026-01-17,2028-01-17,OMO-0126-25,,,,,,,
OMO Multi-Active Detergent,6151023456826,2026-01-09,2028-01-09,OMO-0126-63,,,,,,,
OMO Multi-Active Detergent,6151023456826,2026-02-28,2027-02-28,OMO-0226-17,,,,,,,
OMO Multi-Active Detergent,6151023456826,2026-01-02,2028-01-02,OMO-0126-50,,,,,,,
OMO Multi-Active Detergent,6151023456826,2026-03-21,2026-09-17,OMO-0326-72,,,,,,,
OMO Multi-Active Detergent,6151023456826,2026-01-27,2028-01-27,OMO-0126-51,,,,,,,
OMO Multi-Active Detergent,6151023456826,2026-01-08,2026-07-07,OMO-0126-80,,,,,,,
OMO Multi-Active Detergent,6151023456826,2026-01-18,2028-01-18,OMO-0126-13,,,,,,,
OMO Multi-Active Detergent,6151023456826,2026-01-17,2027-01-17,OMO-0126-19,,,,,,,
OMO Multi-Active Detergent,6151023456826,2026-01-14,2026-07-13,OMO-0126-84,,,,,,,
OMO Multi-Active Detergent,6151023456826,2026-03-12,2027-03-12,OMO-0326-10,,,,,,,
OMO Multi-Active Detergent,6151023456826,2026-01-04,2027-01-04,OMO-0126-50,,,,,,,
OMO Multi-Active Detergent,6151023456826,2026-02-19,2027-02-19,OMO-0226-95,,,,,,,
OMO Multi-Active Detergent,6151023456826,2026-02-15,2027-02-15,OMO-0226-61,,,,,,,
OMO Multi-Active Detergent,6151023456826,2026-01-27,2027-01-27,OMO-0126-88,,,,,,,
OMO Multi-Active Detergent,6151023456826,2026-02-25,2027-02-25,OMO-0226-12,,,,,,,
OMO Multi-Active Detergent,6151023456826,2026-03-27,2028-03-26,OMO-0326-05,,,,,,,
OMO Multi-Active Detergent,6151023456826,2026-02-22,2026-08-21,OMO-0226-59,,,,,,,
OMO Multi-Active Detergent,6151023456826,2026-01-11,2027-01-11,OMO-0126-98,,,,,,,
OMO Multi-Active Detergent,6151023456826,2026-03-11,2026-09-07,OMO-0326-54,,,,,,,
OMO Multi-Active Detergent,6151023456826,2026-01-16,2026-07-15,OMO-0126-36,,,,,,,
Pears Baby Products,6151023456901,2026-03-05,2028-03-04,PRS-0326-20,,,,,,,
Pears Baby Products,6151023456901,2026-02-08,2027-02-08,PRS-0226-92,,,,,,,
Pears Baby Products,6151023456901,2026-01-16,2026-07-15,PRS-0126-83,,,,,,,
Pears Baby Products,6151023456901,2026-03-25,2026-09-21,PRS-0326-40,,,,,,,
Pears Baby Products,6151023456901,2026-01-04,2026-07-03,PRS-0126-14,,,,,,,
Pears Baby Products,6151023456901,2026-01-09,2027-01-09,PRS-0126-10,,,,,,,
Pears Baby Products,6151023456901,2026-03-17,2028-03-16,PRS-0326-03,,,,,,,
Pears Baby Products,6151023456901,2026-01-28,2027-01-28,PRS-0126-13,,,,,,,
Pears Baby Products,6151023456901,2026-01-09,2027-01-09,PRS-0126-73,,,,,,,
Pears Baby Products,6151023456901,2026-03-15,2028-03-14,PRS-0326-11,,,,,,,
Pears Baby Products,6151023456901,2026-02-27,2028-02-27,PRS-0226-26,,,,,,,
Pears Baby Products,6151023456901,2026-03-06,2026-09-02,PRS-0326-64,,,,,,,
Pears Baby Products,6151023456901,2026-03-07,2027-03-07,PRS-0326-43,,,,,,,
Pears Baby Products,6151023456901,2026-01-22,2028-01-22,PRS-0126-15,,,,,,,
Pears Baby Products,6151023456901,2026-03-12,2026-09-08,PRS-0326-42,,,,,,,
Pears Baby Products,6151023456901,2026-01-25,2026-07-24,PRS-0126-96,,,,,,,
Pears Baby Products,6151023456901,2026-01-08,2028-01-08,PRS-0126-42,,,,,,,
Pears Baby Products,6151023456901,2026-02-17,2027-02-17,PRS-0226-96,,,,,,,
Pears Baby Products,6151023456901,2026-03-04,2028-03-03,PRS-0326-45,,,,,,,
Pears Baby Products,6151023456901,2026-01-05,2028-01-05,PRS-0126-92,,,,,,,
Pears Baby Products,6151023456901,2026-03-15,2027-03-15,PRS-0326-08,,,,,,,
Pears Baby Products,6151023456901,2026-02-06,2028-02-06,PRS-0226-44,,,,,,,
Pears Baby Products,6151023456901,2026-03-10,2026-09-06,PRS-0326-08,,,,,,,
Pears Baby Products,6151023456901,2026-01-05,2027-01-05,PRS-0126-50,,,,,,,
Pears Baby Products,6151023456901,2026-02-25,2028-02-25,PRS-0226-40,,,,,,,
Pears Baby Products,6151023456901,2026-03-06,2026-09-02,PRS-0326-44,,,,,,,
Pears Baby Products,6151023456901,2026-03-03,2028-03-02,PRS-0326-84,,,,,,,
Pears Baby Products,6151023456901,2026-02-08,2028-02-08,PRS-0226-22,,,,,,,
Pears Baby Products,6151023456901,2026-03-28,2028-03-27,PRS-0326-95,,,,,,,
Pears Baby Products,6151023456901,2026-03-03,2027-03-03,PRS-0326-91,,,,,,,
Pears Baby Products,6151023456901,2026-03-19,2028-03-18,PRS-0326-48,,,,,,,
Pears Baby Products,6151023456901,2026-02-14,2027-02-14,PRS-0226-66,,,,,,,
Pears Baby Products,6151023456901,2026-02-13,2027-02-13,PRS-0226-66,,,,,,,
Pears Baby Products,6151023456901,2026-01-06,2026-07-05,PRS-0126-54,,,,,,,
Pears Baby Products,6151023456901,2026-03-28,2028-03-27,PRS-0326-35,,,,,,,
Pears Baby Products,6151023456901,2026-02-24,2026-08-23,PRS-0226-74,,,,,,,
Pears Baby Products,6151023456901,2026-02-04,2026-08-03,PRS-0226-84,,,,,,,
Pears Baby Products,6151023456901,2026-03-19,2026-09-15,PRS-0326-02,,,,,,,
Pears Baby Products,6151023456901,2026-02-09,2027-02-09,PRS-0226-11,,,,,,,
Pears Baby Products,6151023456901,2026-01-04,2028-01-04,PRS-0126-65,,,,,,,
Pears Baby Products,6151023456901,2026-03-11,2028-03-10,PRS-0326-75,,,,,,,
Pears Baby Products,6151023456901,2026-03-06,2027-03-06,PRS-0326-73,,,,,,,
Pears Baby Products,6151023456901,2026-01-05,2027-01-05,PRS-0126-69,,,,,,,
Pears Baby Products,6151023456901,2026-03-13,2028-03-12,PRS-0326-76,,,,,,,
Pears Baby Products,6151023456901,2026-03-25,2027-03-25,PRS-0326-45,,,,,,,
Pears Baby Products,6151023456901,2026-02-15,2026-08-14,PRS-0226-38,,,,,,,
Pears Baby Products,6151023456901,2026-02-23,2027-02-23,PRS-0226-38,,,,,,,
Pears Baby Products,6151023456901,2026-01-04,2026-07-03,PRS-0126-04,,,,,,,
Pears Baby Products,6151023456901,2026-03-07,2028-03-06,PRS-0326-20,,,,,,,
Pears Baby Products,6151023456901,2026-02-10,2028-02-10,PRS-0226-14,,,,,,,
Pepsodent Toothpaste,6151023456864,2026-02-19,2028-02-19,PPT-0226-09,,,,,,,
Pepsodent Toothpaste,6151023456864,2026-02-20,2026-08-19,PPT-0226-83,,,,,,,
Pepsodent Toothpaste,6151023456864,2026-02-11,2026-08-10,PPT-0226-46,,,,,,,
Pepsodent Toothpaste,6151023456864,2026-01-12,2026-07-11,PPT-0126-13,,,,,,,
Pepsodent Toothpaste,6151023456864,2026-01-21,2026-07-20,PPT-0126-63,,,,,,,
Pepsodent Toothpaste,6151023456864,2026-02-10,2026-08-09,PPT-0226-01,,,,,,,
Pepsodent Toothpaste,6151023456864,2026-01-15,2027-01-15,PPT-0126-60,,,,,,,
Pepsodent Toothpaste,6151023456864,2026-03-20,2028-03-19,PPT-0326-24,,,,,,,
Pepsodent Toothpaste,6151023456864,2026-02-24,2027-02-24,PPT-0226-02,,,,,,,
Pepsodent Toothpaste,6151023456864,2026-03-02,2028-03-01,PPT-0326-34,,,,,,,
Pepsodent Toothpaste,6151023456864,2026-02-03,2027-02-03,PPT-0226-74,,,,,,,
Pepsodent Toothpaste,6151023456864,2026-02-07,2028-02-07,PPT-0226-08,,,,,,,
Pepsodent Toothpaste,6151023456864,2026-03-18,2028-03-17,PPT-0326-80,,,,,,,
Pepsodent Toothpaste,6151023456864,2026-01-22,2026-07-21,PPT-0126-51,,,,,,,
Pepsodent Toothpaste,6151023456864,2026-03-04,2027-03-04,PPT-0326-32,,,,,,,
Pepsodent Toothpaste,6151023456864,2026-03-14,2028-03-13,PPT-0326-28,,,,,,,
Pepsodent Toothpaste,6151023456864,2026-01-10,2027-01-10,PPT-0126-11,,,,,,,
Pepsodent Toothpaste,6151023456864,2026-01-13,2027-01-13,PPT-0126-96,,,,,,,
Pepsodent Toothpaste,6151023456864,2026-02-04,2027-02-04,PPT-0226-58,,,,,,,
Pepsodent Toothpaste,6151023456864,2026-02-02,2026-08-01,PPT-0226-74,,,,,,,
Pepsodent Toothpaste,6151023456864,2026-01-14,2027-01-14,PPT-0126-82,,,,,,,
Pepsodent Toothpaste,6151023456864,2026-03-20,2026-09-16,PPT-0326-03,,,,,,,
Pepsodent Toothpaste,6151023456864,2026-01-09,2026-07-08,PPT-0126-34,,,,,,,
Pepsodent Toothpaste,6151023456864,2026-03-20,2027-03-20,PPT-0326-74,,,,,,,
Pepsodent Toothpaste,6151023456864,2026-01-27,2028-01-27,PPT-0126-64,,,,,,,
Pepsodent Toothpaste,6151023456864,2026-01-06,2028-01-06,PPT-0126-51,,,,,,,
Pepsodent Toothpaste,6151023456864,2026-03-27,2027-03-27,PPT-0326-38,,,,,,,
Pepsodent Toothpaste,6151023456864,2026-01-08,2026-07-07,PPT-0126-43,,,,,,,
Pepsodent Toothpaste,6151023456864,2026-03-06,2026-09-02,PPT-0326-73,,,,,,,
Pepsodent Toothpaste,6151023456864,2026-02-14,2028-02-14,PPT-0226-89,,,,,,,
Pepsodent Toothpaste,6151023456864,2026-01-02,2028-01-02,PPT-0126-50,,,,,,,
Pepsodent Toothpaste,6151023456864,2026-03-22,2028-03-21,PPT-0326-04,,,,,,,
Pepsodent Toothpaste,6151023456864,2026-02-03,2027-02-03,PPT-0226-98,,,,,,,
Pepsodent Toothpaste,6151023456864,2026-01-25,2027-01-25,PPT-0126-70,,,,,,,
Pepsodent Toothpaste,6151023456864,2026-01-22,2027-01-22,PPT-0126-78,,,,,,,
Pepsodent Toothpaste,6151023456864,2026-01-02,2028-01-02,PPT-0126-40,,,,,,,
Pepsodent Toothpaste,6151023456864,2026-02-08,2026-08-07,PPT-0226-52,,,,,,,
Pepsodent Toothpaste,6151023456864,2026-03-18,2026-09-14,PPT-0326-59,,,,,,,
Pepsodent Toothpaste,6151023456864,2026-03-20,2028-03-19,PPT-0326-14,,,,,,,
Pepsodent Toothpaste,6151023456864,2026-01-06,2027-01-06,PPT-0126-74,,,,,,,
Pepsodent Toothpaste,6151023456864,2026-03-05,2026-09-01,PPT-0326-90,,,,,,,
Pepsodent Toothpaste,6151023456864,2026-03-21,2027-03-21,PPT-0326-22,,,,,,,
Pepsodent Toothpaste,6151023456864,2026-01-04,2027-01-04,PPT-0126-59,,,,,,,
Pepsodent Toothpaste,6151023456864,2026-01-08,2026-07-07,PPT-0126-17,,,,,,,
Pepsodent Toothpaste,6151023456864,2026-01-22,2026-07-21,PPT-0126-14,,,,,,,
Pepsodent Toothpaste,6151023456864,2026-01-11,2026-07-10,PPT-0126-21,,,,,,,
Pepsodent Toothpaste,6151023456864,2026-02-17,2028-02-17,PPT-0226-05,,,,,,,
Pepsodent Toothpaste,6151023456864,2026-02-19,2027-02-19,PPT-0226-12,,,,,,,
Pepsodent Toothpaste,6151023456864,2026-01-12,2026-07-11,PPT-0126-71,,,,,,,
Pepsodent Toothpaste,6151023456864,2026-01-27,2026-07-26,PPT-0126-30,,,,,,,
Rexona Deodorant,6151023456895,2026-03-02,2026-08-29,RXN-0326-99,,,,,,,
Rexona Deodorant,6151023456895,2026-01-02,2026-07-01,RXN-0126-81,,,,,,,
Rexona Deodorant,6151023456895,2026-03-24,2026-09-20,RXN-0326-25,,,,,,,
Rexona Deodorant,6151023456895,2026-02-14,2027-02-14,RXN-0226-71,,,,,,,
Rexona Deodorant,6151023456895,2026-01-27,2026-07-26,RXN-0126-72,,,,,,,
Rexona Deodorant,6151023456895,2026-02-08,2026-08-07,RXN-0226-26,,,,,,,
Rexona Deodorant,6151023456895,2026-01-23,2026-07-22,RXN-0126-38,,,,,,,
Rexona Deodorant,6151023456895,2026-01-14,2026-07-13,RXN-0126-76,,,,,,,
Rexona Deodorant,6151023456895,2026-03-17,2027-03-17,RXN-0326-63,,,,,,,
Rexona Deodorant,6151023456895,2026-01-26,2028-01-26,RXN-0126-02,,,,,,,
Rexona Deodorant,6151023456895,2026-01-07,2028-01-07,RXN-0126-83,,,,,,,
Rexona Deodorant,6151023456895,2026-03-07,2028-03-06,RXN-0326-07,,,,,,,
Rexona Deodorant,6151023456895,2026-02-27,2028-02-27,RXN-0226-64,,,,,,,
Rexona Deodorant,6151023456895,2026-01-10,2027-01-10,RXN-0126-94,,,,,,,
Rexona Deodorant,6151023456895,2026-01-07,2026-07-06,RXN-0126-52,,,,,,,
Rexona Deodorant,6151023456895,2026-02-04,2027-02-04,RXN-0226-59,,,,,,,
Rexona Deodorant,6151023456895,2026-01-05,2028-01-05,RXN-0126-70,,,,,,,
Rexona Deodorant,6151023456895,2026-01-06,2027-01-06,RXN-0126-43,,,,,,,
Rexona Deodorant,6151023456895,2026-01-20,2026-07-19,RXN-0126-87,,,,,,,
Rexona Deodorant,6151023456895,2026-02-08,2027-02-08,RXN-0226-72,,,,,,,
Rexona Deodorant,6151023456895,2026-02-26,2027-02-26,RXN-0226-12,,,,,,,
Rexona Deodorant,6151023456895,2026-03-21,2027-03-21,RXN-0326-53,,,,,,,
Rexona Deodorant,6151023456895,2026-03-05,2026-09-01,RXN-0326-10,,,,,,,
Rexona Deodorant,6151023456895,2026-02-03,2026-08-02,RXN-0226-88,,,,,,,
Rexona Deodorant,6151023456895,2026-01-02,2028-01-02,RXN-0126-68,,,,,,,
Rexona Deodorant,6151023456895,2026-03-12,2028-03-11,RXN-0326-47,,,,,,,
Rexona Deodorant,6151023456895,2026-02-28,2026-08-27,RXN-0226-94,,,,,,,
Rexona Deodorant,6151023456895,2026-01-05,2026-07-04,RXN-0126-65,,,,,,,
Rexona Deodorant,6151023456895,2026-03-13,2028-03-12,RXN-0326-01,,,,,,,
Rexona Deodorant,6151023456895,2026-03-22,2026-09-18,RXN-0326-51,,,,,,,
Rexona Deodorant,6151023456895,2026-03-24,2028-03-23,RXN-0326-72,,,,,,,
Rexona Deodorant,6151023456895,2026-03-09,2027-03-09,RXN-0326-62,,,,,,,
Rexona Deodorant,6151023456895,2026-03-06,2028-03-05,RXN-0326-06,,,,,,,
Rexona Deodorant,6151023456895,2026-03-25,2026-09-21,RXN-0326-41,,,,,,,
Rexona Deodorant,6151023456895,2026-01-09,2028-01-09,RXN-0126-72,,,,,,,
Rexona Deodorant,6151023456895,2026-03-09,2027-03-09,RXN-0326-06,,,,,,,
Rexona Deodorant,6151023456895,2026-02-09,2027-02-09,RXN-0226-14,,,,,,,
Rexona Deodorant,6151023456895,2026-03-09,2028-03-08,RXN-0326-64,,,,,,,
Rexona Deodorant,6151023456895,2026-01-26,2027-01-26,RXN-0126-30,,,,,,,
Rexona Deodorant,6151023456895,2026-02-28,2026-08-27,RXN-0226-74,,,,,,,
Rexona Deodorant,6151023456895,2026-02-22,2028-02-22,RXN-0226-88,,,,,,,
Rexona Deodorant,6151023456895,2026-02-21,2026-08-20,RXN-0226-25,,,,,,,
Rexona Deodorant,6151023456895,2026-03-09,2028-03-08,RXN-0326-87,,,,,,,
Rexona Deodorant,6151023456895,2026-02-11,2027-02-11,RXN-0226-85,,,,,,,
Rexona Deodorant,6151023456895,2026-01-05,2027-01-05,RXN-0126-36,,,,,,,
Rexona Deodorant,6151023456895,2026-01-26,2027-01-26,RXN-0126-50,,,,,,,
Rexona Deodorant,6151023456895,2026-01-28,2027-01-28,RXN-0126-62,,,,,,,
Rexona Deodorant,6151023456895,2026-03-27,2026-09-23,RXN-0326-90,,,,,,,
Rexona Deodorant,6151023456895,2026-03-10,2027-03-10,RXN-0326-92,,,,,,,
Rexona Deodorant,6151023456895,2026-01-06,2026-07-05,RXN-0126-88,,,,,,,
Royco Bouillon Cubes,6151023456802,2026-03-02,2026-08-29,RBC-0326-69,,,,,,,
Royco Bouillon Cubes,6151023456802,2026-03-07,2028-03-06,RBC-0326-93,,,,,,,
Royco Bouillon Cubes,6151023456802,2026-03-14,2027-03-14,RBC-0326-12,,,,,,,
Royco Bouillon Cubes,6151023456802,2026-02-10,2027-02-10,RBC-0226-73,,,,,,,
Royco Bouillon Cubes,6151023456802,2026-03-22,2027-03-22,RBC-0326-37,,,,,,,
Royco Bouillon Cubes,6151023456802,2026-03-19,2028-03-18,RBC-0326-84,,,,,,,
Royco Bouillon Cubes,6151023456802,2026-02-15,2026-08-14,RBC-0226-78,,,,,,,
Royco Bouillon Cubes,6151023456802,2026-01-11,2028-01-11,RBC-0126-07,,,,,,,
Royco Bouillon Cubes,6151023456802,2026-03-05,2028-03-04,RBC-0326-96,,,,,,,
Royco Bouillon Cubes,6151023456802,2026-02-08,2028-02-08,RBC-0226-15,,,,,,,
Royco Bouillon Cubes,6151023456802,2026-03-02,2026-08-29,RBC-0326-08,,,,,,,
Royco Bouillon Cubes,6151023456802,2026-01-16,2026-07-15,RBC-0126-84,,,,,,,
Royco Bouillon Cubes,6151023456802,2026-01-05,2027-01-05,RBC-0126-73,,,,,,,
Royco Bouillon Cubes,6151023456802,2026-02-16,2027-02-16,RBC-0226-79,,,,,,,
Royco Bouillon Cubes,6151023456802,2026-01-24,2027-01-24,RBC-0126-71,,,,,,,
Royco Bouillon Cubes,6151023456802,2026-01-08,2028-01-08,RBC-0126-09,,,,,,,
Royco Bouillon Cubes,6151023456802,2026-02-02,2027-02-02,RBC-0226-41,,,,,,,
Royco Bouillon Cubes,6151023456802,2026-02-12,2028-02-12,RBC-0226-12,,,,,,,
Royco Bouillon Cubes,6151023456802,2026-03-05,2026-09-01,RBC-0326-10,,,,,,,
Royco Bouillon Cubes,6151023456802,2026-03-12,2026-09-08,RBC-0326-67,,,,,,,
Royco Bouillon Cubes,6151023456802,2026-03-25,2028-03-24,RBC-0326-69,,,,,,,
Royco Bouillon Cubes,6151023456802,2026-01-15,2026-07-14,RBC-0126-71,,,,,,,
Royco Bouillon Cubes,6151023456802,2026-01-06,2026-07-05,RBC-0126-13,,,,,,,
Royco Bouillon Cubes,6151023456802,2026-01-26,2027-01-26,RBC-0126-42,,,,,,,
Royco Bouillon Cubes,6151023456802,2026-03-15,2026-09-11,RBC-0326-15,,,,,,,
Royco Bouillon Cubes,6151023456802,2026-03-27,2028-03-26,RBC-0326-81,,,,,,,
Royco Bouillon Cubes,6151023456802,2026-02-23,2027-02-23,RBC-0226-11,,,,,,,
Royco Bouillon Cubes,6151023456802,2026-03-19,2027-03-19,RBC-0326-49,,,,,,,
Royco Bouillon Cubes,6151023456802,2026-03-05,2027-03-05,RBC-0326-85,,,,,,,
Royco Bouillon Cubes,6151023456802,2026-02-03,2026-08-02,RBC-0226-84,,,,,,,
Royco Bouillon Cubes,6151023456802,2026-01-21,2028-01-21,RBC-0126-82,,,,,,,
Royco Bouillon Cubes,6151023456802,2026-02-17,2027-02-17,RBC-0226-27,,,,,,,
Royco Bouillon Cubes,6151023456802,2026-01-10,2027-01-10,RBC-0126-30,,,,,,,
Royco Bouillon Cubes,6151023456802,2026-03-04,2028-03-03,RBC-0326-55,,,,,,,
Royco Bouillon Cubes,6151023456802,2026-03-15,2027-03-15,RBC-0326-33,,,,,,,
Royco Bouillon Cubes,6151023456802,2026-01-20,2028-01-20,RBC-0126-52,,,,,,,
Royco Bouillon Cubes,6151023456802,2026-01-03,2026-07-02,RBC-0126-64,,,,,,,
Royco Bouillon Cubes,6151023456802,2026-03-25,2026-09-21,RBC-0326-08,,,,,,,
Royco Bouillon Cubes,6151023456802,2026-03-06,2027-03-06,RBC-0326-37,,,,,,,
Royco Bouillon Cubes,6151023456802,2026-03-13,2026-09-09,RBC-0326-58,,,,,,,
Royco Bouillon Cubes,6151023456802,2026-01-22,2027-01-22,RBC-0126-60,,,,,,,
Royco Bouillon Cubes,6151023456802,2026-03-17,2027-03-17,RBC-0326-65,,,,,,,
Royco Bouillon Cubes,6151023456802,2026-01-20,2027-01-20,RBC-0126-62,,,,,,,
Royco Bouillon Cubes,6151023456802,2026-02-14,2026-08-13,RBC-0226-59,,,,,,,
Royco Bouillon Cubes,6151023456802,2026-02-10,2028-02-10,RBC-0226-91,,,,,,,
Royco Bouillon Cubes,6151023456802,2026-01-11,2026-07-10,RBC-0126-74,,,,,,,
Royco Bouillon Cubes,6151023456802,2026-02-22,2027-02-22,RBC-0226-60,,,,,,,
Royco Bouillon Cubes,6151023456802,2026-03-08,2028-03-07,RBC-0326-27,,,,,,,
Royco Bouillon Cubes,6151023456802,2026-02-10,2027-02-10,RBC-0226-74,,,,,,,
Royco Bouillon Cubes,6151023456802,2026-02-24,2027-02-24,RBC-0226-29,,,,,,,
Sunlight Dishwashing Liquid,6151023456840,2026-01-25,2028-01-25,SDL-0126-95,,,,,,,
Sunlight Dishwashing Liquid,6151023456840,2026-02-26,2027-02-26,SDL-0226-25,,,,,,,
Sunlight Dishwashing Liquid,6151023456840,2026-02-09,2027-02-09,SDL-0226-86,,,,,,,
Sunlight Dishwashing Liquid,6151023456840,2026-01-06,2027-01-06,SDL-0126-33,,,,,,,
Sunlight Dishwashing Liquid,6151023456840,2026-02-25,2027-02-25,SDL-0226-72,,,,,,,
Sunlight Dishwashing Liquid,6151023456840,2026-03-18,2027-03-18,SDL-0326-02,,,,,,,
Sunlight Dishwashing Liquid,6151023456840,2026-01-22,2028-01-22,SDL-0126-16,,,,,,,
Sunlight Dishwashing Liquid,6151023456840,2026-02-17,2028-02-17,SDL-0226-95,,,,,,,
Sunlight Dishwashing Liquid,6151023456840,2026-03-19,2026-09-15,SDL-0326-86,,,,,,,
Sunlight Dishwashing Liquid,6151023456840,2026-02-03,2026-08-02,SDL-0226-37,,,,,,,
Sunlight Dishwashing Liquid,6151023456840,2026-03-17,2028-03-16,SDL-0326-14,,,,,,,
Sunlight Dishwashing Liquid,6151023456840,2026-02-11,2026-08-10,SDL-0226-61,,,,,,,
Sunlight Dishwashing Liquid,6151023456840,2026-01-04,2028-01-04,SDL-0126-26,,,,,,,
Sunlight Dishwashing Liquid,6151023456840,2026-01-26,2026-07-25,SDL-0126-49,,,,,,,
Sunlight Dishwashing Liquid,6151023456840,2026-02-05,2028-02-05,SDL-0226-90,,,,,,,
Sunlight Dishwashing Liquid,6151023456840,2026-01-06,2026-07-05,SDL-0126-27,,,,,,,
Sunlight Dishwashing Liquid,6151023456840,2026-01-05,2027-01-05,SDL-0126-68,,,,,,,
Sunlight Dishwashing Liquid,6151023456840,2026-03-15,2026-09-11,SDL-0326-80,,,,,,,
Sunlight Dishwashing Liquid,6151023456840,2026-02-09,2028-02-09,SDL-0226-48,,,,,,,
Sunlight Dishwashing Liquid,6151023456840,2026-02-06,2026-08-05,SDL-0226-67,,,,,,,
Sunlight Dishwashing Liquid,6151023456840,2026-02-02,2028-02-02,SDL-0226-06,,,,,,,
Sunlight Dishwashing Liquid,6151023456840,2026-01-06,2028-01-06,SDL-0126-27,,,,,,,
Sunlight Dishwashing Liquid,6151023456840,2026-01-18,2028-01-18,SDL-0126-87,,,,,,,
Sunlight Dishwashing Liquid,6151023456840,2026-02-15,2026-08-14,SDL-0226-70,,,,,,,
Sunlight Dishwashing Liquid,6151023456840,2026-03-04,2026-08-31,SDL-0326-23,,,,,,,
Sunlight Dishwashing Liquid,6151023456840,2026-03-24,2027-03-24,SDL-0326-44,,,,,,,
Sunlight Dishwashing Liquid,6151023456840,2026-01-02,2026-07-01,SDL-0126-23,,,,,,,
Sunlight Dishwashing Liquid,6151023456840,2026-02-20,2026-08-19,SDL-0226-47,,,,,,,
Sunlight Dishwashing Liquid,6151023456840,2026-02-19,2026-08-18,SDL-0226-67,,,,,,,
Sunlight Dishwashing Liquid,6151023456840,2026-01-04,2027-01-04,SDL-0126-08,,,,,,,
Sunlight Dishwashing Liquid,6151023456840,2026-01-09,2028-01-09,SDL-0126-03,,,,,,,
Sunlight Dishwashing Liquid,6151023456840,2026-02-07,2027-02-07,SDL-0226-91,,,,,,,
Sunlight Dishwashing Liquid,6151023456840,2026-01-02,2026-07-01,SDL-0126-76,,,,,,,
Sunlight Dishwashing Liquid,6151023456840,2026-03-18,2026-09-14,SDL-0326-82,,,,,,,
Sunlight Dishwashing Liquid,6151023456840,2026-02-15,2027-02-15,SDL-0226-61,,,,,,,
Sunlight Dishwashing Liquid,6151023456840,2026-02-21,2028-02-21,SDL-0226-90,,,,,,,
Sunlight Dishwashing Liquid,6151023456840,2026-03-17,2026-09-13,SDL-0326-96,,,,,,,
Sunlight Dishwashing Liquid,6151023456840,2026-03-21,2027-03-21,SDL-0326-78,,,,,,,
Sunlight Dishwashing Liquid,6151023456840,2026-03-23,2026-09-19,SDL-0326-80,,,,,,,
Sunlight Dishwashing Liquid,6151023456840,2026-02-27,2026-08-26,SDL-0226-71,,,,,,,
Sunlight Dishwashing Liquid,6151023456840,2026-01-13,2027-01-13,SDL-0126-55,,,,,,,
Sunlight Dishwashing Liquid,6151023456840,2026-03-11,2026-09-07,SDL-0326-64,,,,,,,
Sunlight Dishwashing Liquid,6151023456840,2026-03-14,2026-09-10,SDL-0326-70,,,,,,,
Sunlight Dishwashing Liquid,6151023456840,2026-01-25,2028-01-25,SDL-0126-59,,,,,,,
Sunlight Dishwashing Liquid,6151023456840,2026-01-23,2027-01-23,SDL-0126-71,,,,,,,
Sunlight Dishwashing Liquid,6151023456840,2026-03-21,2028-03-20,SDL-0326-73,,,,,,,
Sunlight Dishwashing Liquid,6151023456840,2026-03-25,2027-03-25,SDL-0326-69,,,,,,,
Sunlight Dishwashing Liquid,6151023456840,2026-03-23,2028-03-22,SDL-0326-06,,,,,,,
Sunlight Dishwashing Liquid,6151023456840,2026-03-18,2028-03-17,SDL-0326-87,,,,,,,
Sunlight Dishwashing Liquid,6151023456840,2026-02-25,2026-08-24,SDL-0226-80,,,,,,,
Sunlight Washing Powder,6151023456833,2026-03-03,2028-03-02,SWP-0326-26,,,,,,,
Sunlight Washing Powder,6151023456833,2026-01-21,2028-01-21,SWP-0126-34,,,,,,,
Sunlight Washing Powder,6151023456833,2026-01-24,2027-01-24,SWP-0126-53,,,,,,,
Sunlight Washing Powder,6151023456833,2026-01-20,2028-01-20,SWP-0126-14,,,,,,,
Sunlight Washing Powder,6151023456833,2026-03-18,2027-03-18,SWP-0326-89,,,,,,,
Sunlight Washing Powder,6151023456833,2026-03-05,2026-09-01,SWP-0326-38,,,,,,,
Sunlight Washing Powder,6151023456833,2026-01-27,2028-01-27,SWP-0126-32,,,,,,,
Sunlight Washing Powder,6151023456833,2026-01-20,2028-01-20,SWP-0126-40,,,,,,,
Sunlight Washing Powder,6151023456833,2026-03-26,2028-03-25,SWP-0326-61,,,,,,,
Sunlight Washing Powder,6151023456833,2026-01-10,2026-07-09,SWP-0126-22,,,,,,,
Sunlight Washing Powder,6151023456833,2026-02-17,2028-02-17,SWP-0226-17,,,,,,,
Sunlight Washing Powder,6151023456833,2026-02-15,2027-02-15,SWP-0226-74,,,,,,,
Sunlight Washing Powder,6151023456833,2026-01-27,2028-01-27,SWP-0126-50,,,,,,,
Sunlight Washing Powder,6151023456833,2026-03-12,2028-03-11,SWP-0326-76,,,,,,,
Sunlight Washing Powder,6151023456833,2026-02-13,2027-02-13,SWP-0226-66,,,,,,,
Sunlight Washing Powder,6151023456833,2026-02-06,2027-02-06,SWP-0226-06,,,,,,,
Sunlight Washing Powder,6151023456833,2026-01-26,2027-01-26,SWP-0126-08,,,,,,,
Sunlight Washing Powder,6151023456833,2026-03-24,2027-03-24,SWP-0326-81,,,,,,,
Sunlight Washing Powder,6151023456833,2026-02-20,2028-02-20,SWP-0226-99,,,,,,,
Sunlight Washing Powder,6151023456833,2026-02-16,2027-02-16,SWP-0226-82,,,,,,,
Sunlight Washing Powder,6151023456833,2026-02-19,2028-02-19,SWP-0226-36,,,,,,,
Sunlight Washing Powder,6151023456833,2026-02-24,2026-08-23,SWP-0226-61,,,,,,,
Sunlight Washing Powder,6151023456833,2026-01-10,2028-01-10,SWP-0126-42,,,,,,,
Sunlight Washing Powder,6151023456833,2026-02-06,2027-02-06,SWP-0226-90,,,,,,,
Sunlight Washing Powder,6151023456833,2026-02-10,2028-02-10,SWP-0226-30,,,,,,,
Sunlight Washing Powder,6151023456833,2026-03-21,2028-03-20,SWP-0326-97,,,,,,,
Sunlight Washing Powder,6151023456833,2026-03-23,2027-03-23,SWP-0326-81,,,,,,,
Sunlight Washing Powder,6151023456833,2026-02-25,2027-02-25,SWP-0226-42,,,,,,,
Sunlight Washing Powder,6151023456833,2026-02-18,2026-08-17,SWP-0226-10,,,,,,,
Sunlight Washing Powder,6151023456833,2026-01-05,2026-07-04,SWP-0126-94,,,,,,,
Sunlight Washing Powder,6151023456833,2026-01-25,2026-07-24,SWP-0126-81,,,,,,,
Sunlight Washing Powder,6151023456833,2026-03-23,2027-03-23,SWP-0326-78,,,,,,,
Sunlight Washing Powder,6151023456833,2026-02-17,2026-08-16,SWP-0226-36,,,,,,,
Sunlight Washing Powder,6151023456833,2026-01-21,2026-07-20,SWP-0126-14,,,,,,,
Sunlight Washing Powder,6151023456833,2026-01-24,2026-07-23,SWP-0126-30,,,,,,,
Sunlight Washing Powder,6151023456833,2026-01-19,2028-01-19,SWP-0126-73,,,,,,,
Sunlight Washing Powder,6151023456833,2026-01-27,2026-07-26,SWP-0126-56,,,,,,,
Sunlight Washing Powder,6151023456833,2026-01-26,2027-01-26,SWP-0126-96,,,,,,,
Sunlight Washing Powder,6151023456833,2026-01-13,2027-01-13,SWP-0126-13,,,,,,,
Sunlight Washing Powder,6151023456833,2026-01-23,2028-01-23,SWP-0126-87,,,,,,,
Sunlight Washing Powder,6151023456833,2026-03-26,2026-09-22,SWP-0326-75,,,,,,,
Sunlight Washing Powder,6151023456833,2026-02-13,2027-02-13,SWP-0226-90,,,,,,,
Sunlight Washing Powder,6151023456833,2026-03-06,2028-03-05,SWP-0326-14,,,,,,,
Sunlight Washing Powder,6151023456833,2026-01-04,2026-07-03,SWP-0126-44,,,,,,,
Sunlight Washing Powder,6151023456833,2026-03-25,2027-03-25,SWP-0326-80,,,,,,,
Sunlight Washing Powder,6151023456833,2026-02-06,2026-08-05,SWP-0226-77,,,,,,,
Sunlight Washing Powder,6151023456833,2026-01-28,2026-07-27,SWP-0126-95,,,,,,,
Sunlight Washing Powder,6151023456833,2026-01-05,2027-01-05,SWP-0126-58,,,,,,,
Sunlight Washing Powder,6151023456833,2026-02-09,2028-02-09,SWP-0226-76,,,,,,,
Sunlight Washing Powder,6151023456833,2026-02-26,2026-08-25,SWP-0226-49,,,,,,,
Vaseline Lotion & Jelly,6151023456918,2026-02-15,2027-02-15,VSL-0226-63,,,,,,,
Vaseline Lotion & Jelly,6151023456918,2026-01-10,2026-07-09,VSL-0126-15,,,,,,,
Vaseline Lotion & Jelly,6151023456918,2026-01-06,2028-01-06,VSL-0126-57,,,,,,,
Vaseline Lotion & Jelly,6151023456918,2026-03-08,2028-03-07,VSL-0326-69,,,,,,,
Vaseline Lotion & Jelly,6151023456918,2026-03-26,2026-09-22,VSL-0326-93,,,,,,,
Vaseline Lotion & Jelly,6151023456918,2026-01-26,2027-01-26,VSL-0126-20,,,,,,,
Vaseline Lotion & Jelly,6151023456918,2026-02-14,2026-08-13,VSL-0226-81,,,,,,,
Vaseline Lotion & Jelly,6151023456918,2026-02-11,2026-08-10,VSL-0226-89,,,,,,,
Vaseline Lotion & Jelly,6151023456918,2026-01-12,2027-01-12,VSL-0126-68,,,,,,,
Vaseline Lotion & Jelly,6151023456918,2026-03-02,2026-08-29,VSL-0326-15,,,,,,,
Vaseline Lotion & Jelly,6151023456918,2026-02-21,2026-08-20,VSL-0226-71,,,,,,,
Vaseline Lotion & Jelly,6151023456918,2026-01-19,2028-01-19,VSL-0126-77,,,,,,,
Vaseline Lotion & Jelly,6151023456918,2026-01-07,2026-07-06,VSL-0126-65,,,,,,,
Vaseline Lotion & Jelly,6151023456918,2026-02-03,2026-08-02,VSL-0226-41,,,,,,,
Vaseline Lotion & Jelly,6151023456918,2026-02-09,2028-02-09,VSL-0226-80,,,,,,,
Vaseline Lotion & Jelly,6151023456918,2026-01-06,2026-07-05,VSL-0126-75,,,,,,,
Vaseline Lotion & Jelly,6151023456918,2026-02-17,2028-02-17,VSL-0226-20,,,,,,,
Vaseline Lotion & Jelly,6151023456918,2026-01-05,2027-01-05,VSL-0126-93,,,,,,,
Vaseline Lotion & Jelly,6151023456918,2026-03-03,2028-03-02,VSL-0326-56,,,,,,,
Vaseline Lotion & Jelly,6151023456918,2026-03-10,2028-03-09,VSL-0326-93,,,,,,,
Vaseline Lotion & Jelly,6151023456918,2026-01-24,2026-07-23,VSL-0126-97,,,,,,,
Vaseline Lotion & Jelly,6151023456918,2026-03-28,2026-09-24,VSL-0326-57,,,,,,,
Vaseline Lotion & Jelly,6151023456918,2026-02-08,2028-02-08,VSL-0226-63,,,,,,,
Vaseline Lotion & Jelly,6151023456918,2026-01-25,2026-07-24,VSL-0126-18,,,,,,,
Vaseline Lotion & Jelly,6151023456918,2026-03-09,2028-03-08,VSL-0326-74,,,,,,,
Vaseline Lotion & Jelly,6151023456918,2026-01-02,2028-01-02,VSL-0126-19,,,,,,,
Vaseline Lotion & Jelly,6151023456918,2026-02-26,2026-08-25,VSL-0226-96,,,,,,,
Vaseline Lotion & Jelly,6151023456918,2026-03-02,2026-08-29,VSL-0326-17,,,,,,,
Vaseline Lotion & Jelly,6151023456918,2026-03-26,2028-03-25,VSL-0326-47,,,,,,,
Vaseline Lotion & Jelly,6151023456918,2026-03-26,2026-09-22,VSL-0326-19,,,,,,,
Vaseline Lotion & Jelly,6151023456918,2026-03-06,2026-09-02,VSL-0326-40,,,,,,,
Vaseline Lotion & Jelly,6151023456918,2026-02-12,2028-02-12,VSL-0226-98,,,,,,,
Vaseline Lotion & Jelly,6151023456918,2026-03-18,2026-09-14,VSL-0326-09,,,,,,,
Vaseline Lotion & Jelly,6151023456918,2026-01-27,2028-01-27,VSL-0126-89,,,,,,,
Vaseline Lotion & Jelly,6151023456918,2026-03-08,2028-03-07,VSL-0326-70,,,,,,,
Vaseline Lotion & Jelly,6151023456918,2026-01-28,2026-07-27,VSL-0126-88,,,,,,,
Vaseline Lotion & Jelly,6151023456918,2026-03-05,2027-03-05,VSL-0326-60,,,,,,,
Vaseline Lotion & Jelly,6151023456918,2026-01-24,2026-07-23,VSL-0126-04,,,,,,,
Vaseline Lotion & Jelly,6151023456918,2026-02-25,2028-02-25,VSL-0226-86,,,,,,,
Vaseline Lotion & Jelly,6151023456918,2026-03-05,2027-03-05,VSL-0326-45,,,,,,,
Vaseline Lotion & Jelly,6151023456918,2026-03-04,2026-08-31,VSL-0326-34,,,,,,,
Vaseline Lotion & Jelly,6151023456918,2026-03-02,2028-03-01,VSL-0326-99,,,,,,,
Vaseline Lotion & Jelly,6151023456918,2026-01-27,2026-07-26,VSL-0126-54,,,,,,,
Vaseline Lotion & Jelly,6151023456918,2026-01-16,2027-01-16,VSL-0126-82,,,,,,,
Vaseline Lotion & Jelly,6151023456918,2026-02-28,2026-08-27,VSL-0226-57,,,,,,,
Vaseline Lotion & Jelly,6151023456918,2026-02-09,2027-02-09,VSL-0226-02,,,,,,,
Vaseline Lotion & Jelly,6151023456918,2026-01-12,2026-07-11,VSL-0126-67,,,,,,,
Vaseline Lotion & Jelly,6151023456918,2026-01-22,2028-01-22,VSL-0126-95,,,,,,,
Vaseline Lotion & Jelly,6151023456918,2026-01-27,2026-07-26,VSL-0126-84,,,,,,,
Vaseline Lotion & Jelly,6151023456918,2026-02-20,2026-08-19,VSL-0226-69,,,,,,,
